customer_id,signup_date,country
C100000,2023-08-13,United Kingdom
C100001,2025-02-24,Brazil
C100002,2024-11-18,Japan
C100003,2024-05-25,Australia
C100004,2024-05-21,Netherlands
C100005,2025-05-05,Brazil
C100006,2023-08-10,Japan
C100007,2024-12-23,United States
C100008,2023-11-13,Australia
C100009,2023-08-17,United Kingdom
C100010,2024-08-05,Germany
C100011,2025-08-09,Italy
C100012,2025-01-24,Sweden
C100013,2025-02-14,Sweden
C100014,2025-01-09,India
C100015,2025-03-06,Australia
C100016,2024-07-25,Australia
C100017,2023-09-14,India
C100018,2025-04-19,United States
C100019,2024-06-04,United States
C100020,2024-07-15,Brazil
C100021,2024-03-31,Canada
C100022,2023-10-28,Sweden
C100023,2025-06-29,United Kingdom
C100024,2025-03-02,Sweden
C100025,2024-11-09,India
C100026,2024-04-25,Brazil
C100027,2025-04-05,United States
C100028,2024-08-21,Germany
C100029,2024-05-29,Brazil
C100030,2024-06-04,South Korea
C100031,2023-12-04,Mexico
C100032,2023-08-15,United States
C100033,2024-08-28,India
C100034,2025-05-29,United States
C100035,2023-07-23,United States
C100036,2025-05-04,Spain
C100037,2025-04-09,Australia
C100038,2024-01-13,Brazil
C100039,2024-10-30,Japan
C100040,2023-10-14,Australia
C100041,2025-02-11,Brazil
C100042,2024-12-26,United States
C100043,2024-03-17,India
C100044,2023-07-26,France
C100045,2025-08-04,Japan
C100046,2024-05-31,United States
C100047,2025-06-02,Canada
C100048,2024-12-07,Spain
C100049,2025-02-28,United States
C100050,2025-02-13,India
C100051,2023-11-07,Japan
C100052,2024-03-25,Italy
C100053,2024-06-17,India
C100054,2024-07-13,Japan
C100055,2023-07-06,India
C100056,2024-08-22,Japan
C100057,2023-10-05,India
C100058,2025-01-30,Germany
C100059,2024-12-12,India
C100060,2025-06-26,India
C100061,2025-01-31,Japan
C100062,2024-03-27,United States
C100063,2025-08-02,United States
C100064,2024-05-02,India
C100065,2024-02-23,Australia
C100066,2025-06-12,Brazil
C100067,2024-03-30,Sweden
C100068,2023-08-02,India
C100069,2024-06-20,India
C100070,2025-03-14,United States
C100071,2023-11-03,Germany
C100072,2024-06-14,Sweden
C100073,2023-09-15,Spain
C100074,2024-12-14,Germany
C100075,2024-06-25,India
C100076,2024-02-26,South Korea
C100077,2023-12-04,Canada
C100078,2024-09-05,United States
C100079,2024-12-01,India
C100080,2025-07-11,United States
C100081,2024-05-24,India
C100082,2023-10-10,United States
C100083,2025-04-13,United Kingdom
C100084,2024-10-29,France
C100085,2024-12-26,India
C100086,2023-08-19,India
C100087,2024-02-12,Netherlands
C100088,2025-02-19,Australia
C100089,2025-04-13,Canada
C100090,2024-05-22,India
C100091,2025-03-21,Japan
C100092,2025-04-21,India
C100093,2024-04-13,India
C100094,2025-06-06,South Korea
C100095,2024-01-23,Canada
C100096,2023-12-14,Australia
C100097,2024-12-11,Germany
C100098,2024-11-04,Italy
C100099,2023-09-23,India
C100100,2025-04-13,India
C100101,2023-11-11,India
C100102,2025-03-22,United States
C100103,2023-06-07,Japan
C100104,2025-03-15,India
C100105,2025-03-07,Germany
C100106,2025-03-01,Brazil
C100107,2024-11-27,Brazil
C100108,2024-06-21,United Kingdom
C100109,2024-12-30,United Kingdom
C100110,2024-01-14,Sweden
C100111,2025-03-02,Spain
C100112,2024-08-29,Mexico
C100113,2024-06-11,Japan
C100114,2024-07-19,Brazil
C100115,2024-09-09,United States
C100116,2023-07-01,Germany
C100117,2023-09-23,United States
C100118,2023-12-19,Italy
C100119,2023-09-02,Netherlands
C100120,2024-05-26,Canada
C100121,2024-11-30,United Kingdom
C100122,2024-11-18,United States
C100123,2024-06-21,Netherlands
C100124,2025-05-02,United States
C100125,2024-09-06,United States
C100126,2023-08-04,India
C100127,2025-02-17,United States
C100128,2024-09-14,United Kingdom
C100129,2024-11-02,Canada
C100130,2024-09-06,India
C100131,2024-08-27,United States
C100132,2023-08-14,United States
C100133,2024-09-01,India
C100134,2025-03-13,United States
C100135,2024-02-05,Spain
C100136,2024-10-07,India
C100137,2023-06-26,India
C100138,2024-03-11,India
C100139,2024-05-24,India
C100140,2025-08-14,United States
C100141,2023-11-23,United States
C100142,2024-01-13,Japan
C100143,2024-04-30,United States
C100144,2025-08-22,Canada
C100145,2025-04-30,Canada
C100146,2023-06-29,India
C100147,2023-12-09,United Kingdom
C100148,2025-04-04,Brazil
C100149,2023-07-18,Mexico
C100150,2025-05-02,India
C100151,2024-01-17,India
C100152,2025-06-22,India
C100153,2024-01-27,United Kingdom
C100154,2024-05-22,Spain
C100155,2024-11-24,India
C100156,2023-09-12,India
C100157,2024-08-30,South Korea
C100158,2024-07-19,United States
C100159,2025-03-04,United Kingdom
C100160,2025-08-25,Australia
C100161,2024-11-26,United States
C100162,2024-05-01,United States
C100163,2024-04-29,United States
C100164,2024-05-08,South Korea
C100165,2025-03-29,United States
C100166,2024-02-19,United States
C100167,2023-10-15,United States
C100168,2024-03-01,United States
C100169,2023-06-19,France
C100170,2023-08-27,India
C100171,2023-08-13,Germany
C100172,2025-02-22,Germany
C100173,2025-01-13,Mexico
C100174,2024-12-23,United States
C100175,2024-06-13,Japan
C100176,2025-01-08,France
C100177,2023-10-11,United States
C100178,2025-06-08,Brazil
C100179,2024-07-15,Japan
C100180,2025-07-09,India
C100181,2023-10-03,South Korea
C100182,2024-07-12,United Kingdom
C100183,2024-12-22,France
C100184,2024-07-11,Sweden
C100185,2024-05-31,India
C100186,2023-10-15,Mexico
C100187,2024-04-08,India
C100188,2023-12-13,Brazil
C100189,2024-02-03,France
C100190,2024-12-12,India
C100191,2024-10-29,India
C100192,2024-10-10,India
C100193,2024-03-23,United States
C100194,2025-07-26,United States
C100195,2023-08-11,India
C100196,2024-03-07,United States
C100197,2023-09-05,United States
C100198,2024-03-04,Australia
C100199,2025-07-28,Australia
C100200,2024-03-27,Australia
C100201,2025-06-15,India
C100202,2024-07-10,Japan
C100203,2024-12-25,Germany
C100204,2024-06-10,United States
C100205,2024-01-05,United States
C100206,2025-02-16,Spain
C100207,2025-08-03,United States
C100208,2024-01-03,Canada
C100209,2025-02-28,Sweden
C100210,2024-01-01,United States
C100211,2025-01-08,United States
C100212,2025-03-08,Sweden
C100213,2024-06-03,Germany
C100214,2025-01-25,United States
C100215,2024-01-10,Japan
C100216,2023-08-04,Japan
C100217,2023-08-19,Canada
C100218,2024-06-01,France
C100219,2025-06-10,India
C100220,2023-09-13,United States
C100221,2024-06-08,Germany
C100222,2024-12-29,India
C100223,2023-11-13,Italy
C100224,2025-01-12,Mexico
C100225,2024-02-06,United States
C100226,2025-03-25,Germany
C100227,2024-09-17,India
C100228,2024-08-22,Japan
C100229,2023-10-23,India
C100230,2024-06-14,France
C100231,2025-05-03,Germany
C100232,2023-06-17,India
C100233,2025-02-11,Spain
C100234,2024-07-09,Australia
C100235,2025-01-10,Germany
C100236,2024-11-25,Brazil
C100237,2024-05-20,Sweden
C100238,2024-02-09,India
C100239,2024-10-27,Canada
C100240,2023-09-23,United States
C100241,2024-09-21,Brazil
C100242,2023-08-17,Canada
C100243,2024-11-14,India
C100244,2024-10-28,United States
C100245,2023-08-09,Japan
C100246,2025-02-11,India
C100247,2024-05-06,Spain
C100248,2025-03-07,United States
C100249,2023-07-05,Netherlands
C100250,2023-10-26,United States
C100251,2024-07-10,India
C100252,2023-11-02,Japan
C100253,2024-02-26,South Korea
C100254,2024-11-23,India
C100255,2023-09-27,United Kingdom
C100256,2024-12-07,Australia
C100257,2023-08-24,Japan
C100258,2023-10-22,India
C100259,2024-09-24,Canada
C100260,2025-03-12,Australia
C100261,2023-10-18,Australia
C100262,2024-02-01,Brazil
C100263,2025-06-28,Germany
C100264,2025-08-20,United States
C100265,2024-09-19,Japan
C100266,2024-06-01,Japan
C100267,2024-03-11,Brazil
C100268,2024-10-15,United States
C100269,2024-09-27,India
C100270,2024-01-28,Australia
C100271,2023-06-19,United States
C100272,2023-10-03,Sweden
C100273,2025-07-26,India
C100274,2024-05-08,Australia
C100275,2024-06-30,Japan
C100276,2024-06-18,India
C100277,2025-03-03,India
C100278,2023-07-24,France
C100279,2023-08-07,Germany
C100280,2024-01-13,India
C100281,2024-07-04,France
C100282,2024-12-02,South Korea
C100283,2024-07-07,United Kingdom
C100284,2024-05-27,India
C100285,2025-07-09,India
C100286,2023-10-11,India
C100287,2024-09-11,United States
C100288,2024-08-18,United States
C100289,2024-06-23,Spain
C100290,2025-03-24,India
C100291,2024-01-05,Netherlands
C100292,2025-07-22,India
C100293,2024-02-27,United States
C100294,2024-08-20,Australia
C100295,2024-07-31,Japan
C100296,2025-04-27,India
C100297,2024-05-25,India
C100298,2024-01-20,United States
C100299,2023-06-18,Canada
C100300,2024-03-25,United Kingdom
C100301,2025-04-08,India
C100302,2023-06-09,United States
C100303,2025-06-04,United Kingdom
C100304,2024-08-19,Netherlands
C100305,2023-09-24,Italy
C100306,2024-02-03,Canada
C100307,2024-08-28,United States
C100308,2024-02-14,India
C100309,2023-08-29,India
C100310,2024-11-28,Brazil
C100311,2024-12-03,Japan
C100312,2023-09-06,Japan
C100313,2024-01-17,Sweden
C100314,2023-12-17,Sweden
C100315,2024-11-22,Netherlands
C100316,2025-01-19,United States
C100317,2025-01-17,United States
C100318,2025-07-09,India
C100319,2025-02-20,Germany
C100320,2024-02-18,United States
C100321,2023-08-28,Mexico
C100322,2024-10-17,France
C100323,2025-06-21,Canada
C100324,2025-08-08,United States
C100325,2023-12-06,India
C100326,2023-12-11,United States
C100327,2023-07-01,Mexico
C100328,2023-09-24,Germany
C100329,2024-08-28,Australia
C100330,2024-08-22,India
C100331,2024-03-31,India
C100332,2024-02-10,India
C100333,2025-04-11,Brazil
C100334,2024-06-12,Brazil
C100335,2025-03-24,India
C100336,2025-07-29,Netherlands
C100337,2024-02-16,United States
C100338,2023-11-14,Japan
C100339,2025-07-21,United States
C100340,2024-11-02,India
C100341,2024-01-25,Mexico
C100342,2024-10-22,United States
C100343,2024-07-27,India
C100344,2025-06-12,United Kingdom
C100345,2023-12-27,India
C100346,2025-08-21,Australia
C100347,2025-07-07,Mexico
C100348,2023-10-27,Japan
C100349,2023-10-13,India
C100350,2024-08-11,Canada
C100351,2023-07-07,India
C100352,2024-02-01,India
C100353,2024-05-22,United States
C100354,2025-08-03,Netherlands
C100355,2025-08-22,Japan
C100356,2023-10-03,Brazil
C100357,2025-06-01,Canada
C100358,2023-08-14,Canada
C100359,2025-02-03,Canada
C100360,2025-04-24,Canada
C100361,2025-05-31,United Kingdom
C100362,2023-12-01,United States
C100363,2025-06-02,United States
C100364,2023-09-04,Netherlands
C100365,2024-07-30,United Kingdom
C100366,2024-06-20,Netherlands
C100367,2024-02-15,United States
C100368,2023-06-19,Germany
C100369,2025-02-23,India
C100370,2024-03-02,India
C100371,2024-11-24,United States
C100372,2024-05-02,United States
C100373,2024-04-02,South Korea
C100374,2025-05-27,India
C100375,2023-08-17,France
C100376,2025-01-25,United Kingdom
C100377,2025-02-02,India
C100378,2024-04-07,Canada
C100379,2024-01-02,United States
C100380,2023-06-05,Sweden
C100381,2025-07-08,Mexico
C100382,2025-07-17,Australia
C100383,2023-12-15,United Kingdom
C100384,2023-06-27,United States
C100385,2023-09-09,South Korea
C100386,2023-07-26,India
C100387,2025-04-12,United States
C100388,2025-06-01,India
C100389,2023-10-04,Brazil
C100390,2025-02-02,France
C100391,2023-10-26,Australia
C100392,2024-03-28,Brazil
C100393,2024-10-04,India
C100394,2025-01-11,South Korea
C100395,2025-05-18,United Kingdom
C100396,2023-07-07,France
C100397,2023-11-09,United States
C100398,2024-01-17,Sweden
C100399,2024-02-10,India
C100400,2025-08-27,United States
C100401,2025-02-27,United Kingdom
C100402,2024-02-18,United States
C100403,2025-08-05,United States
C100404,2024-07-14,France
C100405,2024-07-15,India
C100406,2024-05-21,South Korea
C100407,2023-09-26,India
C100408,2025-07-06,Australia
C100409,2023-06-12,United Kingdom
C100410,2023-10-21,Italy
C100411,2023-12-06,Germany
C100412,2024-01-16,United Kingdom
C100413,2023-09-17,Netherlands
C100414,2023-06-15,India
C100415,2024-12-07,United States
C100416,2025-08-03,Spain
C100417,2023-09-08,Mexico
C100418,2024-01-30,United States
C100419,2024-07-20,United Kingdom
C100420,2025-06-30,Japan
C100421,2024-12-21,Australia
C100422,2025-02-18,Sweden
C100423,2024-09-19,Canada
C100424,2024-05-07,Italy
C100425,2023-11-11,India
C100426,2025-05-09,Netherlands
C100427,2025-03-21,India
C100428,2023-06-21,Australia
C100429,2025-01-07,India
C100430,2023-08-09,Germany
C100431,2025-01-26,Australia
C100432,2025-04-08,Canada
C100433,2023-09-16,South Korea
C100434,2024-05-21,India
C100435,2023-09-10,Italy
C100436,2024-09-08,India
C100437,2025-06-30,India
C100438,2023-08-06,United Kingdom
C100439,2024-04-22,United States
C100440,2025-08-06,United States
C100441,2024-02-02,Italy
C100442,2023-09-17,Italy
C100443,2024-07-05,Italy
C100444,2024-07-21,United States
C100445,2024-11-25,India
C100446,2024-02-13,India
C100447,2025-07-23,Brazil
C100448,2024-08-01,Japan
C100449,2024-01-21,India
C100450,2025-07-27,Italy
C100451,2025-06-28,United States
C100452,2024-07-14,India
C100453,2023-06-21,United States
C100454,2024-10-02,India
C100455,2024-08-29,Spain
C100456,2023-09-30,South Korea
C100457,2024-11-01,India
C100458,2025-04-20,Canada
C100459,2023-08-26,Spain
C100460,2025-01-14,Netherlands
C100461,2023-09-24,France
C100462,2025-02-04,India
C100463,2024-05-09,France
C100464,2023-06-06,India
C100465,2025-08-01,Sweden
C100466,2023-10-15,India
C100467,2024-10-01,Spain
C100468,2023-10-27,United States
C100469,2025-07-05,India
C100470,2025-01-26,Japan
C100471,2025-03-21,France
C100472,2024-05-20,United Kingdom
C100473,2024-06-18,South Korea
C100474,2024-11-02,Japan
C100475,2025-03-05,India
C100476,2025-04-25,Canada
C100477,2023-06-15,Canada
C100478,2024-11-26,France
C100479,2023-08-29,India
C100480,2024-01-23,India
C100481,2025-04-11,South Korea
C100482,2023-12-23,South Korea
C100483,2025-03-15,Mexico
C100484,2024-06-14,Sweden
C100485,2023-12-08,Australia
C100486,2024-03-01,Brazil
C100487,2024-08-09,Brazil
C100488,2025-02-17,United Kingdom
C100489,2024-10-09,United Kingdom
C100490,2025-07-05,India
C100491,2025-05-12,Italy
C100492,2025-02-07,India
C100493,2024-10-07,India
C100494,2024-01-24,Germany
C100495,2024-05-04,India
C100496,2023-09-06,India
C100497,2024-04-02,Mexico
C100498,2025-06-29,Japan
C100499,2024-05-15,United States
C100500,2023-09-02,United States
C100501,2024-11-16,India
C100502,2025-07-29,Brazil
C100503,2025-05-12,Mexico
C100504,2024-01-11,United States
C100505,2024-06-07,Brazil
C100506,2024-08-09,United States
C100507,2023-12-21,India
C100508,2024-01-07,Sweden
C100509,2023-12-12,India
C100510,2025-08-24,United States
C100511,2025-02-01,United Kingdom
C100512,2025-04-20,France
C100513,2025-03-31,South Korea
C100514,2025-07-26,Sweden
C100515,2023-08-26,United States
C100516,2025-05-23,United States
C100517,2023-07-25,Brazil
C100518,2024-06-24,India
C100519,2024-09-30,Japan
C100520,2024-03-20,Italy
C100521,2023-09-28,United States
C100522,2023-11-05,Mexico
C100523,2025-04-07,United States
C100524,2024-02-17,United Kingdom
C100525,2024-02-10,Germany
C100526,2025-06-27,Canada
C100527,2023-09-26,Spain
C100528,2025-06-20,Italy
C100529,2025-06-25,Sweden
C100530,2024-10-03,Sweden
C100531,2023-10-14,Canada
C100532,2023-10-06,United States
C100533,2024-01-20,Australia
C100534,2024-09-16,Sweden
C100535,2023-10-04,India
C100536,2024-06-08,United Kingdom
C100537,2023-09-03,United Kingdom
C100538,2024-08-17,United States
C100539,2023-06-18,Italy
C100540,2025-01-02,India
C100541,2023-07-16,Brazil
C100542,2023-11-07,Mexico
C100543,2023-10-22,Mexico
C100544,2025-04-12,India
C100545,2023-07-14,India
C100546,2024-05-17,Australia
C100547,2024-09-27,Brazil
C100548,2024-07-28,Canada
C100549,2024-12-10,Japan
C100550,2025-03-20,United States
C100551,2024-04-18,Japan
C100552,2025-04-10,United States
C100553,2024-02-16,United States
C100554,2025-08-16,Canada
C100555,2024-07-18,United States
C100556,2025-01-24,United States
C100557,2025-05-18,United States
C100558,2025-03-11,United Kingdom
C100559,2025-04-28,Brazil
C100560,2024-08-13,United States
C100561,2023-07-06,Italy
C100562,2024-07-09,Mexico
C100563,2023-10-27,United States
C100564,2025-05-30,United States
C100565,2023-12-12,Japan
C100566,2023-12-05,Mexico
C100567,2023-12-22,Canada
C100568,2024-11-08,Mexico
C100569,2024-09-11,United States
C100570,2025-07-18,India
C100571,2024-05-07,Australia
C100572,2024-01-18,India
C100573,2023-07-11,Australia
C100574,2023-06-06,Canada
C100575,2024-04-02,Australia
C100576,2025-06-29,United Kingdom
C100577,2024-08-03,India
C100578,2025-06-02,India
C100579,2023-08-23,India
C100580,2023-08-16,Australia
C100581,2025-04-14,United States
C100582,2023-08-27,United States
C100583,2023-07-13,United States
C100584,2024-04-27,United States
C100585,2025-06-28,Mexico
C100586,2024-12-17,India
C100587,2023-08-21,Sweden
C100588,2025-04-17,United States
C100589,2025-04-22,Italy
C100590,2025-03-18,United Kingdom
C100591,2025-06-10,India
C100592,2023-12-14,Japan
C100593,2025-08-12,Sweden
C100594,2024-02-18,Japan
C100595,2025-03-19,India
C100596,2024-09-18,India
C100597,2025-03-01,Italy
C100598,2024-10-27,India
C100599,2024-11-08,Australia
C100600,2024-10-18,Germany
C100601,2025-02-28,Germany
C100602,2025-01-27,Mexico
C100603,2023-09-19,Australia
C100604,2025-04-08,United States
C100605,2024-08-13,United States
C100606,2024-02-20,France
C100607,2024-07-26,Canada
C100608,2025-08-01,India
C100609,2025-05-04,India
C100610,2025-04-14,Brazil
C100611,2024-06-14,Mexico
C100612,2025-03-04,Germany
C100613,2024-04-11,India
C100614,2024-12-14,India
C100615,2024-11-06,Canada
C100616,2023-12-22,India
C100617,2024-01-05,Germany
C100618,2023-07-21,Spain
C100619,2023-09-23,United States
C100620,2024-05-21,United States
C100621,2024-06-26,India
C100622,2023-10-14,Japan
C100623,2024-05-07,Italy
C100624,2024-10-08,United States
C100625,2023-12-08,Japan
C100626,2024-03-04,United Kingdom
C100627,2024-03-28,United Kingdom
C100628,2024-07-19,South Korea
C100629,2024-03-27,United States
C100630,2025-01-25,India
C100631,2024-02-24,Germany
C100632,2024-05-21,India
C100633,2024-04-07,Spain
C100634,2023-10-28,India
C100635,2024-12-14,United States
C100636,2023-12-11,India
C100637,2024-01-30,United Kingdom
C100638,2025-03-12,United States
C100639,2025-07-18,United States
C100640,2024-12-02,Japan
C100641,2025-06-21,India
C100642,2025-05-01,India
C100643,2024-06-29,United States
C100644,2025-02-21,India
C100645,2024-02-25,India
C100646,2024-06-12,France
C100647,2024-08-13,India
C100648,2025-07-27,Japan
C100649,2025-04-26,South Korea
C100650,2024-07-06,United States
C100651,2024-11-17,United States
C100652,2023-11-13,United States
C100653,2025-03-21,France
C100654,2024-08-27,United States
C100655,2024-08-10,Mexico
C100656,2025-02-18,Australia
C100657,2024-10-31,Mexico
C100658,2023-07-30,Canada
C100659,2024-01-23,Sweden
C100660,2023-10-23,United States
C100661,2025-01-23,India
C100662,2023-06-29,India
C100663,2023-11-13,Netherlands
C100664,2024-10-02,Germany
C100665,2024-12-21,Brazil
C100666,2024-07-17,United States
C100667,2025-05-06,Sweden
C100668,2025-06-23,Canada
C100669,2023-09-17,Canada
C100670,2025-07-21,Sweden
C100671,2024-10-16,India
C100672,2024-11-03,India
C100673,2023-08-17,Germany
C100674,2024-10-22,United States
C100675,2025-01-16,India
C100676,2024-09-19,India
C100677,2023-08-09,United States
C100678,2024-08-03,Japan
C100679,2025-07-07,Germany
C100680,2025-01-14,India
C100681,2023-09-21,India
C100682,2025-07-27,United Kingdom
C100683,2025-07-26,France
C100684,2023-10-17,South Korea
C100685,2025-03-18,South Korea
C100686,2024-04-29,India
C100687,2024-09-29,India
C100688,2024-05-31,United Kingdom
C100689,2025-03-03,Germany
C100690,2025-08-26,United Kingdom
C100691,2025-03-13,Italy
C100692,2025-07-03,Germany
C100693,2025-07-15,India
C100694,2023-08-13,India
C100695,2023-12-25,India
C100696,2025-01-12,United States
C100697,2024-09-26,United States
C100698,2023-07-12,Australia
C100699,2023-08-17,India
C100700,2024-07-31,India
C100701,2024-10-18,Germany
C100702,2023-10-16,Australia
C100703,2023-10-19,India
C100704,2023-09-15,Mexico
C100705,2024-09-06,South Korea
C100706,2023-06-07,Germany
C100707,2024-09-12,Italy
C100708,2024-06-25,United States
C100709,2024-06-17,Netherlands
C100710,2024-12-09,India
C100711,2024-08-02,South Korea
C100712,2025-01-17,Germany
C100713,2025-02-16,United States
C100714,2025-06-24,United States
C100715,2025-03-17,Spain
C100716,2024-07-29,Germany
C100717,2024-07-08,United States
C100718,2023-12-11,Australia
C100719,2024-10-04,Mexico
C100720,2023-09-23,Canada
C100721,2025-07-03,United Kingdom
C100722,2025-04-23,United States
C100723,2023-09-07,Brazil
C100724,2025-03-06,India
C100725,2023-09-05,Japan
C100726,2025-01-12,India
C100727,2023-08-11,Germany
C100728,2024-07-05,India
C100729,2024-11-21,United States
C100730,2025-01-18,Brazil
C100731,2024-05-09,Canada
C100732,2025-06-25,Canada
C100733,2025-02-24,Netherlands
C100734,2023-11-18,Netherlands
C100735,2024-12-02,Japan
C100736,2025-01-20,United States
C100737,2024-02-29,Germany
C100738,2025-01-26,Japan
C100739,2025-06-06,India
C100740,2025-04-01,United States
C100741,2025-02-15,Mexico
C100742,2024-11-02,United Kingdom
C100743,2024-01-08,Germany
C100744,2025-03-14,Sweden
C100745,2024-03-25,France
C100746,2024-08-10,United Kingdom
C100747,2024-02-13,India
C100748,2024-02-12,India
C100749,2023-10-08,United States
C100750,2025-07-28,Brazil
C100751,2023-09-30,Mexico
C100752,2023-08-10,India
C100753,2025-07-07,India
C100754,2024-08-29,Japan
C100755,2024-05-25,United States
C100756,2025-01-25,Canada
C100757,2024-04-10,United Kingdom
C100758,2023-09-13,Spain
C100759,2025-01-19,United States
C100760,2023-10-23,Italy
C100761,2024-08-27,India
C100762,2025-07-18,France
C100763,2025-07-07,United States
C100764,2024-03-22,United Kingdom
C100765,2025-03-01,Canada
C100766,2024-10-15,India
C100767,2024-06-28,United States
C100768,2023-09-23,United States
C100769,2024-04-04,India
C100770,2024-11-16,United States
C100771,2025-08-18,Netherlands
C100772,2023-06-05,India
C100773,2025-01-09,Brazil
C100774,2025-04-24,Sweden
C100775,2025-07-19,United States
C100776,2024-05-13,Italy
C100777,2023-09-06,Japan
C100778,2024-01-09,France
C100779,2025-04-28,United Kingdom
C100780,2025-05-20,United Kingdom
C100781,2024-11-04,United States
C100782,2023-09-09,Canada
C100783,2023-09-08,Sweden
C100784,2024-06-27,Netherlands
C100785,2024-09-25,United States
C100786,2023-06-27,Australia
C100787,2024-12-14,India
C100788,2024-08-20,Japan
C100789,2023-06-11,United States
C100790,2023-08-18,South Korea
C100791,2024-06-07,Mexico
C100792,2025-01-13,United States
C100793,2025-04-07,United States
C100794,2024-05-19,Mexico
C100795,2024-01-29,United States
C100796,2025-08-03,Canada
C100797,2024-06-11,South Korea
C100798,2024-02-14,Germany
C100799,2024-05-28,India
C100800,2023-06-10,United Kingdom
C100801,2024-02-03,United States
C100802,2024-07-27,Sweden
C100803,2025-06-23,India
C100804,2025-01-26,United States
C100805,2025-03-02,India
C100806,2024-08-20,Netherlands
C100807,2023-08-30,United States
C100808,2024-04-16,Japan
C100809,2025-08-26,Australia
C100810,2023-07-07,Mexico
C100811,2025-05-21,Sweden
C100812,2024-12-13,Mexico
C100813,2024-01-19,Netherlands
C100814,2025-02-27,United States
C100815,2025-04-17,Brazil
C100816,2023-07-06,Canada
C100817,2023-08-27,Canada
C100818,2024-11-27,Japan
C100819,2025-08-28,Sweden
C100820,2023-06-20,Spain
C100821,2024-11-27,United Kingdom
C100822,2023-09-20,United Kingdom
C100823,2024-11-15,India
C100824,2024-10-24,India
C100825,2023-08-14,India
C100826,2024-12-10,United States
C100827,2025-06-05,United States
C100828,2025-05-09,Brazil
C100829,2023-06-24,United Kingdom
C100830,2023-12-19,South Korea
C100831,2023-12-15,France
C100832,2024-06-06,United States
C100833,2023-09-26,United States
C100834,2025-05-01,India
C100835,2025-02-26,Sweden
C100836,2025-03-24,India
C100837,2023-11-10,Canada
C100838,2023-06-12,South Korea
C100839,2025-06-16,Sweden
C100840,2024-01-23,India
C100841,2024-11-20,United States
C100842,2025-06-15,United States
C100843,2023-06-30,United States
C100844,2023-06-05,India
C100845,2023-06-05,Germany
C100846,2023-10-07,South Korea
C100847,2023-07-13,Canada
C100848,2025-04-03,France
C100849,2024-10-09,India
C100850,2025-08-12,Brazil
C100851,2025-03-19,France
C100852,2025-07-29,Japan
C100853,2023-12-13,Netherlands
C100854,2024-01-22,India
C100855,2025-04-27,United States
C100856,2023-12-18,India
C100857,2023-07-17,United Kingdom
C100858,2024-11-30,Netherlands
C100859,2025-03-18,India
C100860,2025-08-02,Brazil
C100861,2025-06-30,Canada
C100862,2023-09-07,United States
C100863,2025-02-23,India
C100864,2025-04-24,Italy
C100865,2024-12-24,Italy
C100866,2025-04-03,United Kingdom
C100867,2025-04-18,India
C100868,2024-06-01,Australia
C100869,2023-07-03,United States
C100870,2024-06-09,South Korea
C100871,2023-11-13,United States
C100872,2023-09-02,United States
C100873,2023-09-11,Canada
C100874,2024-12-23,Canada
C100875,2024-07-18,Canada
C100876,2024-08-16,United Kingdom
C100877,2025-02-01,Sweden
C100878,2024-08-23,Canada
C100879,2024-10-29,United Kingdom
C100880,2023-08-10,United Kingdom
C100881,2025-04-28,United States
C100882,2024-06-03,Germany
C100883,2023-10-06,India
C100884,2025-03-28,France
C100885,2025-01-23,United States
C100886,2023-07-14,Sweden
C100887,2023-11-06,United Kingdom
C100888,2023-06-13,Japan
C100889,2024-01-09,United Kingdom
C100890,2023-08-21,United States
C100891,2025-01-03,Mexico
C100892,2024-08-02,Italy
C100893,2025-08-12,Brazil
C100894,2025-02-04,United Kingdom
C100895,2024-10-14,France
C100896,2024-07-22,Japan
C100897,2023-07-15,France
C100898,2023-07-28,India
C100899,2024-10-18,Italy
C100900,2023-06-04,Italy
C100901,2023-07-05,Netherlands
C100902,2023-11-27,India
C100903,2025-05-25,United Kingdom
C100904,2024-06-11,Mexico
C100905,2025-01-02,Canada
C100906,2024-05-03,Australia
C100907,2023-10-20,United Kingdom
C100908,2024-03-31,India
C100909,2023-08-15,Australia
C100910,2025-02-21,United States
C100911,2023-10-29,India
C100912,2024-04-04,France
C100913,2025-08-12,Australia
C100914,2024-09-28,Japan
C100915,2024-06-11,India
C100916,2024-08-19,United States
C100917,2025-03-04,Netherlands
C100918,2023-12-26,United States
C100919,2024-11-03,India
C100920,2025-05-16,India
C100921,2024-09-12,Canada
C100922,2024-06-01,Japan
C100923,2023-09-28,Brazil
C100924,2023-12-21,Australia
C100925,2025-07-15,United States
C100926,2024-08-17,India
C100927,2024-02-03,United Kingdom
C100928,2024-05-09,United States
C100929,2024-09-16,India
C100930,2024-08-14,India
C100931,2024-12-25,United States
C100932,2023-12-29,Germany
C100933,2024-11-14,Spain
C100934,2024-05-28,United States
C100935,2025-07-11,United Kingdom
C100936,2023-10-08,Brazil
C100937,2023-09-30,Australia
C100938,2024-06-13,Mexico
C100939,2024-07-21,United Kingdom
C100940,2024-12-18,Mexico
C100941,2024-04-27,India
C100942,2025-06-19,India
C100943,2024-06-23,United States
C100944,2023-09-15,United Kingdom
C100945,2023-09-06,India
C100946,2025-08-07,India
C100947,2023-09-18,Australia
C100948,2025-07-17,India
C100949,2024-01-15,India
C100950,2023-08-16,United States
C100951,2024-02-05,United Kingdom
C100952,2024-10-17,India
C100953,2024-05-16,India
C100954,2025-03-06,India
C100955,2024-10-14,Brazil
C100956,2024-04-24,South Korea
C100957,2024-11-02,Canada
C100958,2025-08-05,Italy
C100959,2024-05-03,Japan
C100960,2023-10-04,Sweden
C100961,2024-05-01,France
C100962,2025-04-19,Japan
C100963,2023-11-26,South Korea
C100964,2025-07-18,Brazil
C100965,2024-09-25,United Kingdom
C100966,2024-10-06,United States
C100967,2024-02-15,United States
C100968,2025-06-24,United Kingdom
C100969,2023-06-30,Canada
C100970,2024-01-31,India
C100971,2024-05-09,Germany
C100972,2024-06-26,Germany
C100973,2024-06-23,Mexico
C100974,2023-09-30,United States
C100975,2023-12-02,India
C100976,2023-08-18,Brazil
C100977,2024-09-12,Mexico
C100978,2024-03-14,Sweden
C100979,2024-09-06,Japan
C100980,2024-09-26,Japan
C100981,2024-12-27,India
C100982,2024-08-22,India
C100983,2024-11-13,India
C100984,2024-09-24,France
C100985,2024-11-16,Netherlands
C100986,2024-10-18,India
C100987,2024-02-15,Germany
C100988,2023-12-19,India
C100989,2025-03-07,United States
C100990,2024-03-08,India
C100991,2024-08-24,United States
C100992,2023-11-09,Netherlands
C100993,2024-05-19,India
C100994,2024-08-08,Mexico
C100995,2024-10-26,Spain
C100996,2024-08-05,India
C100997,2024-03-22,United States
C100998,2025-07-28,Mexico
C100999,2024-07-25,India
C101000,2025-03-24,South Korea
C101001,2025-01-25,United States
C101002,2024-08-31,Spain
C101003,2025-05-27,Mexico
C101004,2023-09-14,India
C101005,2025-06-25,India
C101006,2025-04-28,Netherlands
C101007,2024-07-17,India
C101008,2025-01-22,United Kingdom
C101009,2024-07-31,United Kingdom
C101010,2024-01-07,India
C101011,2025-03-17,Brazil
C101012,2023-12-19,Brazil
C101013,2024-02-13,India
C101014,2024-07-30,Mexico
C101015,2025-04-17,India
C101016,2024-04-10,United States
C101017,2024-07-10,Germany
C101018,2023-07-05,Sweden
C101019,2023-09-04,United States
C101020,2023-07-16,India
C101021,2023-07-30,Canada
C101022,2025-05-13,Brazil
C101023,2025-04-21,United States
C101024,2025-04-04,India
C101025,2023-07-16,Australia
C101026,2023-08-03,India
C101027,2024-01-17,United States
C101028,2024-09-06,India
C101029,2024-02-29,India
C101030,2024-07-04,United Kingdom
C101031,2023-10-20,Japan
C101032,2025-01-20,Italy
C101033,2024-02-13,Spain
C101034,2023-07-25,Sweden
C101035,2025-01-30,India
C101036,2025-06-10,India
C101037,2023-06-13,South Korea
C101038,2024-05-24,India
C101039,2025-04-09,Australia
C101040,2024-12-31,Australia
C101041,2025-05-03,United States
C101042,2024-05-06,United Kingdom
C101043,2024-04-01,India
C101044,2025-01-02,United States
C101045,2023-10-04,United Kingdom
C101046,2023-12-14,India
C101047,2024-10-05,Brazil
C101048,2024-11-30,South Korea
C101049,2023-09-07,Brazil
C101050,2024-07-21,India
C101051,2024-03-26,India
C101052,2024-07-16,India
C101053,2025-07-25,United States
C101054,2023-08-02,Netherlands
C101055,2025-08-25,India
C101056,2024-06-03,India
C101057,2025-02-23,Mexico
C101058,2024-05-14,India
C101059,2024-02-10,United States
C101060,2025-02-21,United States
C101061,2024-12-15,France
C101062,2023-09-27,Brazil
C101063,2024-12-30,India
C101064,2025-02-07,South Korea
C101065,2024-04-14,Mexico
C101066,2025-06-29,Mexico
C101067,2024-11-07,India
C101068,2024-02-29,United States
C101069,2023-06-09,Japan
C101070,2024-12-05,India
C101071,2023-11-19,France
C101072,2025-02-10,Brazil
C101073,2024-08-04,United States
C101074,2024-06-17,Brazil
C101075,2023-10-13,Netherlands
C101076,2025-01-04,Australia
C101077,2023-10-15,United Kingdom
C101078,2024-05-08,Japan
C101079,2025-04-16,Canada
C101080,2025-06-24,Australia
C101081,2025-08-20,Mexico
C101082,2025-07-25,Australia
C101083,2024-08-29,India
C101084,2023-11-12,United States
C101085,2025-04-19,India
C101086,2025-03-19,Canada
C101087,2025-08-21,Canada
C101088,2024-11-15,Germany
C101089,2023-09-25,India
C101090,2024-07-17,Brazil
C101091,2024-06-02,South Korea
C101092,2025-04-22,India
C101093,2024-04-17,Australia
C101094,2024-02-25,Spain
C101095,2023-08-05,Canada
C101096,2025-04-16,United States
C101097,2025-02-09,Brazil
C101098,2023-07-04,Netherlands
C101099,2024-05-21,Australia
C101100,2024-06-28,South Korea
C101101,2024-06-19,Sweden
C101102,2025-06-23,India
C101103,2023-10-02,France
C101104,2024-02-07,United Kingdom
C101105,2023-10-27,Sweden
C101106,2023-12-18,United States
C101107,2025-06-13,India
C101108,2025-07-11,Japan
C101109,2023-07-07,India
C101110,2024-10-31,Brazil
C101111,2023-12-08,India
C101112,2023-11-05,Sweden
C101113,2024-01-26,Japan
C101114,2023-11-07,India
C101115,2024-07-06,Brazil
C101116,2025-08-25,India
C101117,2024-09-23,France
C101118,2025-01-14,Italy
C101119,2024-07-09,Mexico
C101120,2023-06-12,United States
C101121,2023-08-08,India
C101122,2024-01-07,Australia
C101123,2023-12-17,Germany
C101124,2025-04-20,Canada
C101125,2025-04-22,United States
C101126,2025-05-01,India
C101127,2024-11-04,Japan
C101128,2024-08-30,United States
C101129,2024-11-14,India
C101130,2024-04-29,Netherlands
C101131,2024-12-01,United States
C101132,2025-03-13,Australia
C101133,2025-02-15,India
C101134,2024-10-16,Japan
C101135,2023-07-18,Australia
C101136,2025-01-15,Japan
C101137,2024-03-27,India
C101138,2025-01-30,Canada
C101139,2024-08-16,Brazil
C101140,2025-05-23,India
C101141,2024-03-04,India
C101142,2025-07-03,United States
C101143,2025-04-23,Netherlands
C101144,2024-02-27,Australia
C101145,2024-06-30,France
C101146,2024-08-09,Australia
C101147,2025-02-20,Canada
C101148,2024-12-17,United Kingdom
C101149,2025-04-29,United Kingdom
C101150,2024-03-30,France
C101151,2024-07-18,India
C101152,2024-05-19,Japan
C101153,2025-06-15,Mexico
C101154,2024-02-06,India
C101155,2024-09-24,Germany
C101156,2023-09-07,United States
C101157,2025-04-28,Sweden
C101158,2024-04-11,Japan
C101159,2024-03-06,South Korea
C101160,2024-09-20,India
C101161,2024-07-14,United States
C101162,2025-04-26,India
C101163,2024-08-09,United States
C101164,2024-07-28,United States
C101165,2023-08-26,United States
C101166,2023-06-18,Sweden
C101167,2024-04-22,United States
C101168,2025-08-27,United States
C101169,2025-06-22,Mexico
C101170,2024-10-28,Germany
C101171,2024-10-30,Brazil
C101172,2024-04-17,France
C101173,2023-10-24,Japan
C101174,2023-06-08,France
C101175,2024-03-04,Canada
C101176,2024-02-15,Australia
C101177,2023-11-05,United Kingdom
C101178,2023-12-30,India
C101179,2023-06-21,United Kingdom
C101180,2024-10-11,United States
C101181,2025-06-30,Brazil
C101182,2024-12-18,India
C101183,2024-06-02,United States
C101184,2024-05-10,India
C101185,2024-02-08,Mexico
C101186,2023-09-25,India
C101187,2024-10-03,Spain
C101188,2024-09-07,Japan
C101189,2023-06-06,United States
C101190,2024-05-06,Brazil
C101191,2024-01-14,India
C101192,2023-10-18,India
C101193,2024-12-28,Spain
C101194,2024-08-05,South Korea
C101195,2024-11-01,India
C101196,2025-01-06,Germany
C101197,2025-08-14,India
C101198,2025-03-20,Germany
C101199,2024-10-21,France
